country,date,currentInfected,casesDaily,movingAverage7Days,percentageIncreaseOfMA7Days
area7,2019-12-31,1,1,1.0,0.0
area7,2020-01-01,2,1,1.0,0.0
area7,2020-01-02,1,-1,0.3333333333333333,-66.66666666666667
area7,2020-01-03,4,3,1.0,200.0
area7,2020-01-04,4,0,0.8,-19.999999999999996
area7,2020-01-05,2,-2,0.3333333333333333,-58.333333333333336
area7,2020-01-06,1,-1,0.14285714285714285,-57.14285714285714
area7,2020-01-07,7,6,0.8571428571428571,500.0
area7,2020-01-08,6,-1,0.5714285714285714,-33.333333333333336
area7,2020-01-09,3,-3,0.2857142857142857,-50.0
area7,2020-01-10,8,5,0.5714285714285714,100.0
area7,2020-01-11,6,-2,0.2857142857142857,-50.0
area7,2020-01-12,11,5,1.2857142857142858,350.0000000000001
area7,2020-01-13,9,-2,1.1428571428571428,-11.111111111111127
area7,2020-01-14,11,2,0.5714285714285714,-50.0
area7,2020-01-15,16,5,1.4285714285714286,150.0
area7,2020-01-16,16,0,1.8571428571428572,30.000000000000004
area7,2020-01-17,17,1,1.2857142857142858,-30.76923076923077
area7,2020-01-18,37,20,4.428571428571429,244.44444444444443
area7,2020-01-19,36,-1,3.5714285714285716,-19.354838709677423
area7,2020-01-20,39,3,4.285714285714286,19.999999999999996
area7,2020-01-21,44,5,4.714285714285714,10.000000000000009
area7,2020-01-22,60,16,6.285714285714286,33.33333333333333
area7,2020-01-23,62,2,6.571428571428571,4.545454545454541
area7,2020-01-24,71,9,7.714285714285714,17.391304347826097
area7,2020-01-25,60,-11,3.2857142857142856,-57.407407407407405
area7,2020-01-26,75,15,5.571428571428571,69.56521739130434
area7,2020-01-27,51,-24,1.7142857142857142,-69.23076923076923
area7,2020-01-28,73,22,4.142857142857143,141.66666666666669
area7,2020-01-29,56,-17,-0.5714285714285714,-113.79310344827587
area7,2020-01-30,49,-7,-1.8571428571428572,225.00000000000006
area7,2020-01-31,65,16,-0.8571428571428571,-53.846153846153854
area7,2020-02-01,47,-18,-1.8571428571428572,116.6666666666667
area7,2020-02-02,32,-15,-6.142857142857143,230.7692307692308
area7,2020-02-03,33,1,-2.5714285714285716,-58.13953488372092
area7,2020-02-04,25,-8,-6.857142857142857,166.66666666666666
area7,2020-02-05,21,-4,-5.0,-27.083333333333325
area7,2020-02-06,16,-5,-4.714285714285714,-5.714285714285716
area7,2020-02-07,13,-3,-7.428571428571429,57.57575757575757
area7,2020-02-08,11,-2,-5.142857142857143,-30.76923076923077
area7,2020-02-09,11,0,-3.0,-41.66666666666667
area7,2020-02-10,3,-8,-4.285714285714286,42.85714285714286
area7,2020-02-11,3,0,-3.142857142857143,-26.66666666666666
area7,2020-02-12,1,-2,-2.857142857142857,-9.090909090909083
area7,2020-02-13,3,2,-1.8571428571428572,-35.0
area7,2020-02-14,2,-1,-1.5714285714285714,-15.384615384615385
area7,2020-02-15,0,-2,-1.5714285714285714,0.0
area7,2020-02-16,0,0,-1.5714285714285714,0.0
area7,2020-02-17,0,0,-0.42857142857142855,-72.72727272727273
area7,2020-02-18,0,0,-0.42857142857142855,0.0
area7,2020-02-19,1,1,0.0,-100.0
area7,2020-02-20,0,-1,-0.42857142857142855,0.0
area7,2020-02-21,1,1,-0.14285714285714285,-66.66666666666667
area7,2020-02-22,0,-1,0.0,-100.0
area7,2020-02-23,0,0,0.0,0.0
area7,2020-02-24,0,0,0.0,0.0
area7,2020-02-25,0,0,0.0,0.0
area7,2020-02-26,0,0,-0.14285714285714285,0.0
area7,2020-02-27,0,0,0.0,-100.0
area7,2020-02-28,0,0,-0.14285714285714285,0.0
area7,2020-02-29,0,0,0.0,-100.0
area7,2020-03-01,0,0,0.0,0.0
area7,2020-03-02,0,0,0.0,0.0
area7,2020-03-03,0,0,0.0,0.0
area7,2020-03-04,0,0,0.0,0.0
area7,2020-03-05,0,0,0.0,0.0
area7,2020-03-06,0,0,0.0,0.0
area7,2020-03-07,0,0,0.0,0.0
area7,2020-03-08,0,0,0.0,0.0
area7,2020-03-09,0,0,0.0,0.0
area7,2020-03-10,0,0,0.0,0.0
area7,2020-03-11,0,0,0.0,0.0
area7,2020-03-12,0,0,0.0,0.0
area7,2020-03-13,0,0,0.0,0.0
area7,2020-03-14,0,0,0.0,0.0
area7,2020-03-15,0,0,0.0,0.0
area7,2020-03-16,0,0,0.0,0.0
area7,2020-03-17,0,0,0.0,0.0
area7,2020-03-18,0,0,0.0,0.0
area7,2020-03-19,0,0,0.0,0.0
area7,2020-03-20,0,0,0.0,0.0
area7,2020-03-21,0,0,0.0,0.0
area7,2020-03-22,0,0,0.0,0.0
area7,2020-03-23,0,0,0.0,0.0
area7,2020-03-24,0,0,0.0,0.0
area7,2020-03-25,0,0,0.0,0.0
area7,2020-03-26,0,0,0.0,0.0
area7,2020-03-27,0,0,0.0,0.0
area7,2020-03-28,0,0,0.0,0.0
area7,2020-03-29,0,0,0.0,0.0
area9,2019-12-31,1,1,1.0,0.0
area9,2020-01-01,1,0,0.5,-50.0
area9,2020-01-02,1,0,0.3333333333333333,-33.333333333333336
area9,2020-01-03,1,0,0.25,-25.0
area9,2020-01-04,1,0,0.2,-19.999999999999996
area9,2020-01-05,5,4,0.8333333333333334,316.6666666666667
area9,2020-01-06,2,-3,0.2857142857142857,-65.71428571428572
area9,2020-01-07,3,1,0.2857142857142857,0.0
area9,2020-01-08,3,0,0.2857142857142857,0.0
area9,2020-01-09,4,1,0.42857142857142855,50.0
area9,2020-01-10,3,-1,0.2857142857142857,-33.333333333333336
area9,2020-01-11,2,-1,0.14285714285714285,-50.0
area9,2020-01-12,11,9,0.8571428571428571,500.0
area9,2020-01-13,12,1,1.4285714285714286,66.66666666666667
area9,2020-01-14,7,-5,0.5714285714285714,-60.00000000000001
area9,2020-01-15,15,8,1.7142857142857142,200.0
area9,2020-01-16,8,-7,0.5714285714285714,-66.66666666666667
area9,2020-01-17,22,14,2.7142857142857144,375.0000000000001
area9,2020-01-18,24,2,3.142857142857143,15.78947368421051
area9,2020-01-19,35,11,3.4285714285714284,9.090909090909083
area9,2020-01-20,39,4,3.857142857142857,12.5
area9,2020-01-21,36,-3,4.142857142857143,7.407407407407418
area9,2020-01-22,56,20,5.857142857142857,41.37931034482756
area9,2020-01-23,57,1,7.0,19.512195121951237
area9,2020-01-24,76,19,7.714285714285714,10.204081632653072
area9,2020-01-25,67,-9,6.142857142857143,-20.370370370370374
area9,2020-01-26,75,8,5.714285714285714,-6.976744186046513
area9,2020-01-27,68,-7,4.142857142857143,-27.499999999999993
area9,2020-01-28,54,-14,2.5714285714285716,-37.93103448275862
area9,2020-01-29,58,4,0.2857142857142857,-88.8888888888889
area9,2020-01-30,49,-9,-1.1428571428571428,-500.0
area9,2020-01-31,49,0,-3.857142857142857,237.50000000000006
area9,2020-02-01,33,-16,-4.857142857142857,25.92592592592591
area9,2020-02-02,35,2,-5.714285714285714,17.647058823529417
area9,2020-02-03,21,-14,-6.714285714285714,17.500000000000004
area9,2020-02-04,24,3,-4.285714285714286,-36.17021276595745
area9,2020-02-05,16,-8,-6.0,40.000000000000014
area9,2020-02-06,16,0,-4.714285714285714,-21.42857142857143
area9,2020-02-07,6,-10,-6.142857142857143,30.303030303030297
area9,2020-02-08,6,0,-3.857142857142857,-37.2093023255814
area9,2020-02-09,8,2,-3.857142857142857,0.0
area9,2020-02-10,3,-5,-2.5714285714285716,-33.33333333333333
area9,2020-02-11,3,0,-3.0,16.66666666666665
area9,2020-02-12,1,-2,-2.142857142857143,-28.57142857142857
area9,2020-02-13,1,0,-2.142857142857143,0.0
area9,2020-02-14,0,-1,-0.8571428571428571,-60.00000000000001
area9,2020-02-15,0,0,-0.8571428571428571,0.0
area9,2020-02-16,1,1,-1.0,16.666666666666675
area9,2020-02-17,1,0,-0.2857142857142857,-71.42857142857143
area9,2020-02-18,0,-1,-0.42857142857142855,50.0
area9,2020-02-19,0,0,-0.14285714285714285,-66.66666666666667
area9,2020-02-20,0,0,-0.14285714285714285,0.0
area9,2020-02-21,0,0,0.0,-100.0
area9,2020-02-22,0,0,0.0,0.0
area9,2020-02-23,0,0,-0.14285714285714285,0.0
area9,2020-02-24,0,0,-0.14285714285714285,0.0
area9,2020-02-25,0,0,0.0,-100.0
area9,2020-02-26,0,0,0.0,0.0
area9,2020-02-27,0,0,0.0,0.0
area9,2020-02-28,0,0,0.0,0.0
area9,2020-02-29,0,0,0.0,0.0
area9,2020-03-01,0,0,0.0,0.0
area9,2020-03-02,0,0,0.0,0.0
area9,2020-03-03,0,0,0.0,0.0
area9,2020-03-04,0,0,0.0,0.0
area9,2020-03-05,0,0,0.0,0.0
area9,2020-03-06,0,0,0.0,0.0
area9,2020-03-07,0,0,0.0,0.0
area9,2020-03-08,0,0,0.0,0.0
area9,2020-03-09,0,0,0.0,0.0
area9,2020-03-10,0,0,0.0,0.0
area9,2020-03-11,0,0,0.0,0.0
area9,2020-03-12,0,0,0.0,0.0
area9,2020-03-13,0,0,0.0,0.0
area9,2020-03-14,0,0,0.0,0.0
area9,2020-03-15,0,0,0.0,0.0
area9,2020-03-16,0,0,0.0,0.0
area9,2020-03-17,0,0,0.0,0.0
area9,2020-03-18,0,0,0.0,0.0
area9,2020-03-19,0,0,0.0,0.0
area9,2020-03-20,0,0,0.0,0.0
area9,2020-03-21,0,0,0.0,0.0
area9,2020-03-22,0,0,0.0,0.0
area9,2020-03-23,0,0,0.0,0.0
area9,2020-03-24,0,0,0.0,0.0
area9,2020-03-25,0,0,0.0,0.0
area9,2020-03-26,0,0,0.0,0.0
area9,2020-03-27,0,0,0.0,0.0
area9,2020-03-28,0,0,0.0,0.0
area9,2020-03-29,0,0,0.0,0.0
area2,2019-12-31,2,2,2.0,0.0
area2,2020-01-01,3,1,1.5,-25.0
area2,2020-01-02,0,-3,0.0,-100.0
area2,2020-01-03,0,0,0.0,0.0
area2,2020-01-04,1,1,0.2,0.0
area2,2020-01-05,2,1,0.3333333333333333,66.66666666666666
area2,2020-01-06,1,-1,0.14285714285714285,-57.14285714285714
area2,2020-01-07,2,1,0.0,-100.0
area2,2020-01-08,6,4,0.42857142857142855,0.0
area2,2020-01-09,4,-2,0.5714285714285714,33.33333333333333
area2,2020-01-10,6,2,0.8571428571428571,50.0
area2,2020-01-11,5,-1,0.5714285714285714,-33.333333333333336
area2,2020-01-12,6,1,0.5714285714285714,0.0
area2,2020-01-13,6,0,0.7142857142857143,25.0
area2,2020-01-14,16,10,2.0,179.99999999999997
area2,2020-01-15,17,1,1.5714285714285714,-21.42857142857143
area2,2020-01-16,20,3,2.2857142857142856,45.45454545454546
area2,2020-01-17,21,1,2.142857142857143,-6.25
area2,2020-01-18,22,1,2.4285714285714284,13.33333333333333
area2,2020-01-19,36,14,4.285714285714286,76.47058823529413
area2,2020-01-20,25,-11,2.7142857142857144,-36.66666666666666
area2,2020-01-21,62,37,6.571428571428571,142.10526315789474
area2,2020-01-22,58,-4,5.857142857142857,-10.869565217391308
area2,2020-01-23,53,-5,4.714285714285714,-19.512195121951216
area2,2020-01-24,54,1,4.714285714285714,0.0
area2,2020-01-25,77,23,7.857142857142857,66.66666666666666
area2,2020-01-26,83,6,6.714285714285714,-14.54545454545454
area2,2020-01-27,73,-10,6.857142857142857,2.127659574468077
area2,2020-01-28,62,-11,0.0,-100.0
area2,2020-01-29,69,7,1.5714285714285714,0.0
area2,2020-01-30,63,-6,1.4285714285714286,-9.090909090909083
area2,2020-01-31,53,-10,-0.14285714285714285,-110.00000000000001
area2,2020-02-01,45,-8,-4.571428571428571,3100.0
area2,2020-02-02,47,2,-5.142857142857143,12.500000000000021
area2,2020-02-03,28,-19,-6.428571428571429,25.0
area2,2020-02-04,26,-2,-5.142857142857143,-19.999999999999996
area2,2020-02-05,23,-3,-6.571428571428571,27.777777777777768
area2,2020-02-06,21,-2,-6.0,-8.695652173913038
area2,2020-02-07,15,-6,-5.428571428571429,-9.523809523809524
area2,2020-02-08,7,-8,-5.428571428571429,0.0
area2,2020-02-09,6,-1,-5.857142857142857,7.894736842105243
area2,2020-02-10,4,-2,-3.4285714285714284,-41.463414634146346
area2,2020-02-11,1,-3,-3.5714285714285716,4.166666666666674
area2,2020-02-12,2,1,-3.0,-16.000000000000004
area2,2020-02-13,1,-1,-2.857142857142857,-4.761904761904756
area2,2020-02-14,2,1,-1.8571428571428572,-35.0
area2,2020-02-15,0,-2,-1.0,-46.15384615384615
area2,2020-02-16,0,0,-0.8571428571428571,-14.28571428571429
area2,2020-02-17,0,0,-0.5714285714285714,-33.333333333333336
area2,2020-02-18,0,0,-0.14285714285714285,-75.0
area2,2020-02-19,0,0,-0.2857142857142857,100.0
area2,2020-02-20,0,0,-0.14285714285714285,-50.0
area2,2020-02-21,0,0,-0.2857142857142857,100.0
area2,2020-02-22,0,0,0.0,-100.0
area2,2020-02-23,0,0,0.0,0.0
area2,2020-02-24,0,0,0.0,0.0
area2,2020-02-25,0,0,0.0,0.0
area2,2020-02-26,0,0,0.0,0.0
area2,2020-02-27,0,0,0.0,0.0
area2,2020-02-28,0,0,0.0,0.0
area2,2020-02-29,0,0,0.0,0.0
area2,2020-03-01,0,0,0.0,0.0
area2,2020-03-02,0,0,0.0,0.0
area2,2020-03-03,0,0,0.0,0.0
area2,2020-03-04,0,0,0.0,0.0
area2,2020-03-05,0,0,0.0,0.0
area2,2020-03-06,0,0,0.0,0.0
area2,2020-03-07,0,0,0.0,0.0
area2,2020-03-08,0,0,0.0,0.0
area2,2020-03-09,0,0,0.0,0.0
area2,2020-03-10,0,0,0.0,0.0
area2,2020-03-11,0,0,0.0,0.0
area2,2020-03-12,0,0,0.0,0.0
area2,2020-03-13,0,0,0.0,0.0
area2,2020-03-14,0,0,0.0,0.0
area2,2020-03-15,0,0,0.0,0.0
area2,2020-03-16,0,0,0.0,0.0
area2,2020-03-17,0,0,0.0,0.0
area2,2020-03-18,0,0,0.0,0.0
area2,2020-03-19,0,0,0.0,0.0
area2,2020-03-20,0,0,0.0,0.0
area2,2020-03-21,0,0,0.0,0.0
area2,2020-03-22,0,0,0.0,0.0
area2,2020-03-23,0,0,0.0,0.0
area2,2020-03-24,0,0,0.0,0.0
area2,2020-03-25,0,0,0.0,0.0
area2,2020-03-26,0,0,0.0,0.0
area2,2020-03-27,0,0,0.0,0.0
area2,2020-03-28,0,0,0.0,0.0
area2,2020-03-29,0,0,0.0,0.0
area4,2019-12-31,1,1,1.0,0.0
area4,2020-01-01,0,-1,0.0,-100.0
area4,2020-01-02,0,0,0.0,0.0
area4,2020-01-03,1,1,0.25,0.0
area4,2020-01-04,1,0,0.2,-19.999999999999996
area4,2020-01-05,1,0,0.16666666666666666,-16.666666666666675
area4,2020-01-06,4,3,0.5714285714285714,242.85714285714283
area4,2020-01-07,6,2,0.7142857142857143,25.0
area4,2020-01-08,4,-2,0.5714285714285714,-20.000000000000007
area4,2020-01-09,4,0,0.5714285714285714,0.0
area4,2020-01-10,6,2,0.7142857142857143,25.0
area4,2020-01-11,5,-1,0.5714285714285714,-20.000000000000007
area4,2020-01-12,8,3,1.0,75.0
area4,2020-01-13,16,8,1.7142857142857142,71.42857142857142
area4,2020-01-14,20,4,2.0,16.666666666666675
area4,2020-01-15,20,0,2.2857142857142856,14.28571428571428
area4,2020-01-16,17,-3,1.8571428571428572,-18.74999999999999
area4,2020-01-17,20,3,2.0,7.692307692307687
area4,2020-01-18,32,12,3.857142857142857,92.85714285714286
area4,2020-01-19,41,9,4.714285714285714,22.222222222222232
area4,2020-01-20,43,2,3.857142857142857,-18.181818181818187
area4,2020-01-21,34,-9,2.0,-48.14814814814815
area4,2020-01-22,50,16,4.285714285714286,114.28571428571428
area4,2020-01-23,71,21,7.714285714285714,80.0
area4,2020-01-24,56,-15,5.142857142857143,-33.33333333333333
area4,2020-01-25,65,9,4.714285714285714,-8.333333333333337
area4,2020-01-26,68,3,3.857142857142857,-18.181818181818187
area4,2020-01-27,81,13,5.428571428571429,40.74074074074075
area4,2020-01-28,73,-8,5.571428571428571,2.631578947368407
area4,2020-01-29,71,-2,3.0,-46.15384615384615
area4,2020-01-30,66,-5,-0.7142857142857143,-123.80952380952381
area4,2020-01-31,50,-16,-0.8571428571428571,19.999999999999996
area4,2020-02-01,58,8,-1.0,16.666666666666675
area4,2020-02-02,47,-11,-3.0,200.0
area4,2020-02-03,34,-13,-6.714285714285714,123.80952380952381
area4,2020-02-04,26,-8,-6.714285714285714,0.0
area4,2020-02-05,8,-18,-9.0,34.04255319148937
area4,2020-02-06,17,9,-7.0,-22.22222222222222
area4,2020-02-07,9,-8,-5.857142857142857,-16.326530612244905
area4,2020-02-08,6,-3,-7.428571428571429,26.82926829268293
area4,2020-02-09,5,-1,-6.0,-19.23076923076923
area4,2020-02-10,3,-2,-4.428571428571429,-26.190476190476186
area4,2020-02-11,3,0,-3.2857142857142856,-25.806451612903235
area4,2020-02-12,3,0,-0.7142857142857143,-78.26086956521738
area4,2020-02-13,1,-2,-2.2857142857142856,219.99999999999997
area4,2020-02-14,0,-1,-1.2857142857142858,-43.749999999999986
area4,2020-02-15,0,0,-0.8571428571428571,-33.333333333333336
area4,2020-02-16,2,2,-0.42857142857142855,-50.0
area4,2020-02-17,0,-2,-0.42857142857142855,0.0
area4,2020-02-18,0,0,-0.42857142857142855,0.0
area4,2020-02-19,0,0,-0.42857142857142855,0.0
area4,2020-02-20,0,0,-0.14285714285714285,-66.66666666666667
area4,2020-02-21,0,0,0.0,-100.0
area4,2020-02-22,0,0,0.0,0.0
area4,2020-02-23,0,0,-0.2857142857142857,0.0
area4,2020-02-24,0,0,0.0,-100.0
area4,2020-02-25,0,0,0.0,0.0
area4,2020-02-26,0,0,0.0,0.0
area4,2020-02-27,0,0,0.0,0.0
area4,2020-02-28,0,0,0.0,0.0
area4,2020-02-29,0,0,0.0,0.0
area4,2020-03-01,0,0,0.0,0.0
area4,2020-03-02,0,0,0.0,0.0
area4,2020-03-03,0,0,0.0,0.0
area4,2020-03-04,0,0,0.0,0.0
area4,2020-03-05,0,0,0.0,0.0
area4,2020-03-06,0,0,0.0,0.0
area4,2020-03-07,0,0,0.0,0.0
area4,2020-03-08,0,0,0.0,0.0
area4,2020-03-09,0,0,0.0,0.0
area4,2020-03-10,0,0,0.0,0.0
area4,2020-03-11,0,0,0.0,0.0
area4,2020-03-12,0,0,0.0,0.0
area4,2020-03-13,0,0,0.0,0.0
area4,2020-03-14,0,0,0.0,0.0
area4,2020-03-15,0,0,0.0,0.0
area4,2020-03-16,0,0,0.0,0.0
area4,2020-03-17,0,0,0.0,0.0
area4,2020-03-18,0,0,0.0,0.0
area4,2020-03-19,0,0,0.0,0.0
area4,2020-03-20,0,0,0.0,0.0
area4,2020-03-21,0,0,0.0,0.0
area4,2020-03-22,0,0,0.0,0.0
area4,2020-03-23,0,0,0.0,0.0
area4,2020-03-24,0,0,0.0,0.0
area4,2020-03-25,0,0,0.0,0.0
area4,2020-03-26,0,0,0.0,0.0
area4,2020-03-27,0,0,0.0,0.0
area4,2020-03-28,0,0,0.0,0.0
area4,2020-03-29,0,0,0.0,0.0
area3,2019-12-31,2,2,2.0,0.0
area3,2020-01-01,1,-1,0.5,-75.0
area3,2020-01-02,0,-1,0.0,-100.0
area3,2020-01-03,3,3,0.75,0.0
area3,2020-01-04,3,0,0.6,-20.000000000000007
area3,2020-01-05,2,-1,0.3333333333333333,-44.44444444444444
area3,2020-01-06,7,5,1.0,200.0
area3,2020-01-07,2,-5,0.0,-100.0
area3,2020-01-08,7,5,0.8571428571428571,0.0
area3,2020-01-09,8,1,1.1428571428571428,33.33333333333333
area3,2020-01-10,9,1,0.8571428571428571,-25.0
area3,2020-01-11,7,-2,0.5714285714285714,-33.333333333333336
area3,2020-01-12,12,5,1.4285714285714286,150.0
area3,2020-01-13,15,3,1.1428571428571428,-20.000000000000007
area3,2020-01-14,13,-2,1.5714285714285714,37.5
area3,2020-01-15,20,7,1.8571428571428572,18.181818181818187
area3,2020-01-16,24,4,2.2857142857142856,23.076923076923062
area3,2020-01-17,27,3,2.5714285714285716,12.500000000000021
area3,2020-01-18,43,16,5.142857142857143,100.0
area3,2020-01-19,38,-5,3.7142857142857144,-27.77777777777778
area3,2020-01-20,72,34,8.142857142857142,119.23076923076921
area3,2020-01-21,59,-13,6.571428571428571,-19.298245614035082
area3,2020-01-22,73,14,7.571428571428571,15.217391304347828
area3,2020-01-23,81,8,8.142857142857142,7.547169811320753
area3,2020-01-24,94,13,9.571428571428571,17.543859649122815
area3,2020-01-25,87,-7,6.285714285714286,-34.32835820895522
area3,2020-01-26,85,-2,6.714285714285714,6.818181818181812
area3,2020-01-27,83,-2,1.5714285714285714,-76.59574468085107
area3,2020-01-28,110,27,7.285714285714286,363.6363636363637
area3,2020-01-29,83,-27,1.4285714285714286,-80.3921568627451
area3,2020-01-30,73,-10,-1.1428571428571428,-179.99999999999997
area3,2020-01-31,62,-11,-4.571428571428571,300.0
area3,2020-02-01,66,4,-3.0,-34.375
area3,2020-02-02,43,-23,-6.0,100.0
area3,2020-02-03,41,-2,-6.0,0.0
area3,2020-02-04,38,-3,-10.285714285714286,71.42857142857144
area3,2020-02-05,24,-14,-8.428571428571429,-18.055555555555557
area3,2020-02-06,12,-12,-8.714285714285714,3.3898305084745672
area3,2020-02-07,7,-5,-7.857142857142857,-9.836065573770492
area3,2020-02-08,9,2,-8.142857142857142,3.6363636363636376
area3,2020-02-09,9,0,-4.857142857142857,-40.35087719298246
area3,2020-02-10,7,-2,-4.857142857142857,0.0
area3,2020-02-11,3,-4,-5.0,2.941176470588247
area3,2020-02-12,2,-1,-3.142857142857143,-37.142857142857146
area3,2020-02-13,1,-1,-1.5714285714285714,-50.0
area3,2020-02-14,0,-1,-1.0,-36.36363636363637
area3,2020-02-15,1,1,-1.1428571428571428,14.28571428571428
area3,2020-02-16,0,-1,-1.2857142857142858,12.500000000000021
area3,2020-02-17,1,1,-0.8571428571428571,-33.333333333333336
area3,2020-02-18,0,-1,-0.42857142857142855,-50.0
area3,2020-02-19,0,0,-0.2857142857142857,-33.333333333333336
area3,2020-02-20,0,0,-0.14285714285714285,-50.0
area3,2020-02-21,0,0,0.0,-100.0
area3,2020-02-22,0,0,-0.14285714285714285,0.0
area3,2020-02-23,0,0,0.0,-100.0
area3,2020-02-24,0,0,-0.14285714285714285,0.0
area3,2020-02-25,0,0,0.0,-100.0
area3,2020-02-26,0,0,0.0,0.0
area3,2020-02-27,0,0,0.0,0.0
area3,2020-02-28,0,0,0.0,0.0
area3,2020-02-29,0,0,0.0,0.0
area3,2020-03-01,0,0,0.0,0.0
area3,2020-03-02,0,0,0.0,0.0
area3,2020-03-03,0,0,0.0,0.0
area3,2020-03-04,0,0,0.0,0.0
area3,2020-03-05,0,0,0.0,0.0
area3,2020-03-06,0,0,0.0,0.0
area3,2020-03-07,0,0,0.0,0.0
area3,2020-03-08,0,0,0.0,0.0
area3,2020-03-09,0,0,0.0,0.0
area3,2020-03-10,0,0,0.0,0.0
area3,2020-03-11,0,0,0.0,0.0
area3,2020-03-12,0,0,0.0,0.0
area3,2020-03-13,0,0,0.0,0.0
area3,2020-03-14,0,0,0.0,0.0
area3,2020-03-15,0,0,0.0,0.0
area3,2020-03-16,0,0,0.0,0.0
area3,2020-03-17,0,0,0.0,0.0
area3,2020-03-18,0,0,0.0,0.0
area3,2020-03-19,0,0,0.0,0.0
area3,2020-03-20,0,0,0.0,0.0
area3,2020-03-21,0,0,0.0,0.0
area3,2020-03-22,0,0,0.0,0.0
area3,2020-03-23,0,0,0.0,0.0
area3,2020-03-24,0,0,0.0,0.0
area3,2020-03-25,0,0,0.0,0.0
area3,2020-03-26,0,0,0.0,0.0
area3,2020-03-27,0,0,0.0,0.0
area3,2020-03-28,0,0,0.0,0.0
area3,2020-03-29,0,0,0.0,0.0
area0,2019-12-31,2,2,2.0,0.0
area0,2020-01-01,2,0,1.0,-50.0
area0,2020-01-02,4,2,1.3333333333333333,33.33333333333333
area0,2020-01-03,4,0,1.0,-25.0
area0,2020-01-04,1,-3,0.2,-80.0
area0,2020-01-05,5,4,0.8333333333333334,316.6666666666667
area0,2020-01-06,5,0,0.7142857142857143,-14.28571428571429
area0,2020-01-07,5,0,0.42857142857142855,-40.0
area0,2020-01-08,9,4,1.0,133.33333333333334
area0,2020-01-09,5,-4,0.14285714285714285,-85.71428571428572
area0,2020-01-10,8,3,0.5714285714285714,300.0
area0,2020-01-11,13,5,1.7142857142857142,200.0
area0,2020-01-12,12,-1,1.0,-41.666666666666664
area0,2020-01-13,17,5,1.7142857142857142,71.42857142857142
area0,2020-01-14,21,4,2.2857142857142856,33.33333333333333
area0,2020-01-15,23,2,2.0,-12.5
area0,2020-01-16,34,11,4.142857142857143,107.14285714285717
area0,2020-01-17,42,8,4.857142857142857,17.24137931034482
area0,2020-01-18,51,9,5.428571428571429,11.764705882352967
area0,2020-01-19,54,3,6.0,10.526315789473673
area0,2020-01-20,53,-1,5.142857142857143,-14.28571428571428
area0,2020-01-21,64,11,6.142857142857143,19.444444444444443
area0,2020-01-22,68,4,6.428571428571429,4.651162790697683
area0,2020-01-23,86,18,7.428571428571429,15.555555555555545
area0,2020-01-24,95,9,7.571428571428571,1.9230769230769162
area0,2020-01-25,86,-9,5.0,-33.96226415094339
area0,2020-01-26,98,12,6.285714285714286,25.71428571428571
area0,2020-01-27,101,3,6.857142857142857,9.090909090909083
area0,2020-01-28,73,-28,1.2857142857142858,-81.25
area0,2020-01-29,87,14,2.7142857142857144,111.11111111111111
area0,2020-01-30,70,-17,-2.2857142857142856,-184.21052631578948
area0,2020-01-31,67,-3,-4.0,75.0
area0,2020-02-01,64,-3,-3.142857142857143,-21.42857142857143
area0,2020-02-02,47,-17,-7.285714285714286,131.81818181818184
area0,2020-02-03,46,-1,-7.857142857142857,7.843137254901955
area0,2020-02-04,44,-2,-4.142857142857143,-47.272727272727266
area0,2020-02-05,25,-19,-8.857142857142858,113.79310344827584
area0,2020-02-06,13,-12,-8.142857142857142,-8.064516129032274
area0,2020-02-07,11,-2,-8.0,-1.754385964912275
area0,2020-02-08,9,-2,-7.857142857142857,-1.7857142857142905
area0,2020-02-09,5,-4,-6.0,-23.636363636363633
area0,2020-02-10,9,4,-5.285714285714286,-11.904761904761907
area0,2020-02-11,6,-3,-5.428571428571429,2.7027027027027195
area0,2020-02-12,2,-4,-3.2857142857142856,-39.473684210526315
area0,2020-02-13,1,-1,-1.7142857142857142,-47.82608695652174
area0,2020-02-14,0,-1,-1.5714285714285714,-8.333333333333325
area0,2020-02-15,1,1,-1.1428571428571428,-27.27272727272727
area0,2020-02-16,1,0,-0.5714285714285714,-50.0
area0,2020-02-17,1,0,-1.1428571428571428,100.0
area0,2020-02-18,0,-1,-0.8571428571428571,-25.0
area0,2020-02-19,0,0,-0.2857142857142857,-66.66666666666667
area0,2020-02-20,0,0,-0.14285714285714285,-50.0
area0,2020-02-21,0,0,0.0,-100.0
area0,2020-02-22,0,0,-0.14285714285714285,0.0
area0,2020-02-23,0,0,-0.14285714285714285,0.0
area0,2020-02-24,0,0,-0.14285714285714285,0.0
area0,2020-02-25,0,0,0.0,-100.0
area0,2020-02-26,0,0,0.0,0.0
area0,2020-02-27,0,0,0.0,0.0
area0,2020-02-28,0,0,0.0,0.0
area0,2020-02-29,0,0,0.0,0.0
area0,2020-03-01,0,0,0.0,0.0
area0,2020-03-02,0,0,0.0,0.0
area0,2020-03-03,0,0,0.0,0.0
area0,2020-03-04,0,0,0.0,0.0
area0,2020-03-05,0,0,0.0,0.0
area0,2020-03-06,0,0,0.0,0.0
area0,2020-03-07,0,0,0.0,0.0
area0,2020-03-08,0,0,0.0,0.0
area0,2020-03-09,0,0,0.0,0.0
area0,2020-03-10,0,0,0.0,0.0
area0,2020-03-11,0,0,0.0,0.0
area0,2020-03-12,0,0,0.0,0.0
area0,2020-03-13,0,0,0.0,0.0
area0,2020-03-14,0,0,0.0,0.0
area0,2020-03-15,0,0,0.0,0.0
area0,2020-03-16,0,0,0.0,0.0
area0,2020-03-17,0,0,0.0,0.0
area0,2020-03-18,0,0,0.0,0.0
area0,2020-03-19,0,0,0.0,0.0
area0,2020-03-20,0,0,0.0,0.0
area0,2020-03-21,0,0,0.0,0.0
area0,2020-03-22,0,0,0.0,0.0
area0,2020-03-23,0,0,0.0,0.0
area0,2020-03-24,0,0,0.0,0.0
area0,2020-03-25,0,0,0.0,0.0
area0,2020-03-26,0,0,0.0,0.0
area0,2020-03-27,0,0,0.0,0.0
area0,2020-03-28,0,0,0.0,0.0
area0,2020-03-29,0,0,0.0,0.0
area15,2019-12-31,1,1,1.0,0.0
area15,2020-01-01,1,0,0.5,-50.0
area15,2020-01-02,2,1,0.6666666666666666,33.33333333333333
area15,2020-01-03,3,1,0.75,12.5
area15,2020-01-04,6,3,1.2,59.999999999999986
area15,2020-01-05,5,-1,0.8333333333333334,-30.555555555555546
area15,2020-01-06,2,-3,0.2857142857142857,-65.71428571428572
area15,2020-01-07,6,4,0.7142857142857143,150.0
area15,2020-01-08,6,0,0.7142857142857143,0.0
area15,2020-01-09,3,-3,0.14285714285714285,-80.0
area15,2020-01-10,7,4,0.5714285714285714,300.0
area15,2020-01-11,12,5,0.8571428571428571,50.0
area15,2020-01-12,14,2,1.2857142857142858,50.00000000000002
area15,2020-01-13,12,-2,1.4285714285714286,11.111111111111116
area15,2020-01-14,30,18,3.4285714285714284,140.0
area15,2020-01-15,18,-12,1.7142857142857142,-50.0
area15,2020-01-16,35,17,4.571428571428571,166.66666666666666
area15,2020-01-17,44,9,5.285714285714286,15.625
area15,2020-01-18,38,-6,3.7142857142857144,-29.729729729729726
area15,2020-01-19,46,8,4.571428571428571,23.076923076923062
area15,2020-01-20,44,-2,4.571428571428571,0.0
area15,2020-01-21,65,21,5.0,9.375
area15,2020-01-22,47,-18,4.142857142857143,-17.14285714285714
area15,2020-01-23,78,31,6.142857142857143,48.2758620689655
area15,2020-01-24,70,-8,3.7142857142857144,-39.53488372093024
area15,2020-01-25,95,25,8.142857142857142,119.23076923076921
area15,2020-01-26,85,-10,5.571428571428571,-31.57894736842105
area15,2020-01-27,91,6,6.714285714285714,20.51282051282053
area15,2020-01-28,85,-6,2.857142857142857,-57.446808510638306
area15,2020-01-29,83,-2,5.142857142857143,80.0
area15,2020-01-30,92,9,2.0,-61.111111111111114
area15,2020-01-31,66,-26,-0.5714285714285714,-128.57142857142856
area15,2020-02-01,59,-7,-5.142857142857143,800.0000000000002
area15,2020-02-02,51,-8,-4.857142857142857,-5.55555555555557
area15,2020-02-03,29,-22,-8.857142857142858,82.35294117647061
area15,2020-02-04,38,9,-6.714285714285714,-24.193548387096776
area15,2020-02-05,26,-12,-8.142857142857142,21.276595744680836
area15,2020-02-06,18,-8,-10.571428571428571,29.824561403508774
area15,2020-02-07,12,-6,-7.714285714285714,-27.027027027027028
area15,2020-02-08,6,-6,-7.571428571428571,-1.85185185185186
area15,2020-02-09,5,-1,-6.571428571428571,-13.207547169811317
area15,2020-02-10,5,0,-3.4285714285714284,-47.82608695652174
area15,2020-02-11,1,-4,-5.285714285714286,54.16666666666667
area15,2020-02-12,2,1,-3.4285714285714284,-35.135135135135144
area15,2020-02-13,2,0,-2.2857142857142856,-33.333333333333336
area15,2020-02-14,2,0,-1.4285714285714286,-37.5
area15,2020-02-15,1,-1,-0.7142857142857143,-50.0
area15,2020-02-16,0,-1,-0.7142857142857143,0.0
area15,2020-02-17,0,0,-0.7142857142857143,0.0
area15,2020-02-18,0,0,-0.14285714285714285,-80.0
area15,2020-02-19,0,0,-0.2857142857142857,100.0
area15,2020-02-20,0,0,-0.2857142857142857,0.0
area15,2020-02-21,0,0,-0.2857142857142857,0.0
area15,2020-02-22,0,0,-0.14285714285714285,-50.0
area15,2020-02-23,0,0,0.0,-100.0
area15,2020-02-24,0,0,0.0,0.0
area15,2020-02-25,0,0,0.0,0.0
area15,2020-02-26,0,0,0.0,0.0
area15,2020-02-27,0,0,0.0,0.0
area15,2020-02-28,0,0,0.0,0.0
area15,2020-02-29,0,0,0.0,0.0
area15,2020-03-01,0,0,0.0,0.0
area15,2020-03-02,0,0,0.0,0.0
area15,2020-03-03,0,0,0.0,0.0
area15,2020-03-04,0,0,0.0,0.0
area15,2020-03-05,0,0,0.0,0.0
area15,2020-03-06,0,0,0.0,0.0
area15,2020-03-07,0,0,0.0,0.0
area15,2020-03-08,0,0,0.0,0.0
area15,2020-03-09,0,0,0.0,0.0
area15,2020-03-10,0,0,0.0,0.0
area15,2020-03-11,0,0,0.0,0.0
area15,2020-03-12,0,0,0.0,0.0
area15,2020-03-13,0,0,0.0,0.0
area15,2020-03-14,0,0,0.0,0.0
area15,2020-03-15,0,0,0.0,0.0
area15,2020-03-16,0,0,0.0,0.0
area15,2020-03-17,0,0,0.0,0.0
area15,2020-03-18,0,0,0.0,0.0
area15,2020-03-19,0,0,0.0,0.0
area15,2020-03-20,0,0,0.0,0.0
area15,2020-03-21,0,0,0.0,0.0
area15,2020-03-22,0,0,0.0,0.0
area15,2020-03-23,0,0,0.0,0.0
area15,2020-03-24,0,0,0.0,0.0
area15,2020-03-25,0,0,0.0,0.0
area15,2020-03-26,0,0,0.0,0.0
area15,2020-03-27,0,0,0.0,0.0
area15,2020-03-28,0,0,0.0,0.0
area15,2020-03-29,0,0,0.0,0.0
area11,2019-12-31,1,1,1.0,0.0
area11,2020-01-01,0,-1,0.0,-100.0
area11,2020-01-02,4,4,1.3333333333333333,0.0
area11,2020-01-03,0,-4,0.0,-100.0
area11,2020-01-04,0,0,0.0,0.0
area11,2020-01-05,2,2,0.3333333333333333,0.0
area11,2020-01-06,5,3,0.7142857142857143,114.28571428571432
area11,2020-01-07,5,0,0.5714285714285714,-20.000000000000007
area11,2020-01-08,6,1,0.8571428571428571,50.0
area11,2020-01-09,11,5,1.0,16.666666666666675
area11,2020-01-10,6,-5,0.8571428571428571,-14.28571428571429
area11,2020-01-11,8,2,1.1428571428571428,33.33333333333333
area11,2020-01-12,9,1,1.0,-12.5
area11,2020-01-13,16,7,1.5714285714285714,57.14285714285714
area11,2020-01-14,16,0,1.5714285714285714,0.0
area11,2020-01-15,17,1,1.5714285714285714,0.0
area11,2020-01-16,26,9,2.142857142857143,36.36363636363635
area11,2020-01-17,37,11,4.428571428571429,106.66666666666669
area11,2020-01-18,24,-13,2.2857142857142856,-48.38709677419355
area11,2020-01-19,38,14,4.142857142857143,81.25000000000003
area11,2020-01-20,46,8,4.285714285714286,3.44827586206895
area11,2020-01-21,49,3,4.714285714285714,10.000000000000009
area11,2020-01-22,65,16,6.857142857142857,45.45454545454544
area11,2020-01-23,55,-10,4.142857142857143,-39.58333333333333
area11,2020-01-24,66,11,4.142857142857143,0.0
area11,2020-01-25,68,2,6.285714285714286,51.72413793103448
area11,2020-01-26,71,3,4.714285714285714,-25.0
area11,2020-01-27,71,0,3.5714285714285716,-24.242424242424242
area11,2020-01-28,73,2,3.4285714285714284,-4.000000000000014
area11,2020-01-29,63,-10,-0.2857142857142857,-108.33333333333333
area11,2020-01-30,67,4,1.7142857142857142,-700.0
area11,2020-01-31,53,-14,-1.8571428571428572,-208.33333333333334
area11,2020-02-01,47,-6,-3.0,61.53846153846154
area11,2020-02-02,38,-9,-4.714285714285714,57.14285714285714
area11,2020-02-03,32,-6,-5.571428571428571,18.181818181818166
area11,2020-02-04,25,-7,-6.857142857142857,23.076923076923084
area11,2020-02-05,26,1,-5.285714285714286,-22.916666666666664
area11,2020-02-06,14,-12,-7.571428571428571,43.24324324324324
area11,2020-02-07,13,-1,-5.714285714285714,-24.52830188679245
area11,2020-02-08,6,-7,-5.857142857142857,2.499999999999991
area11,2020-02-09,8,2,-4.285714285714286,-26.82926829268293
area11,2020-02-10,5,-3,-3.857142857142857,-9.999999999999998
area11,2020-02-11,2,-3,-3.2857142857142856,-14.814814814814813
area11,2020-02-12,2,0,-3.4285714285714284,4.347826086956519
area11,2020-02-13,1,-1,-1.8571428571428572,-45.83333333333333
area11,2020-02-14,0,-1,-1.8571428571428572,0.0
area11,2020-02-15,1,1,-0.7142857142857143,-61.53846153846154
area11,2020-02-16,0,-1,-1.1428571428571428,59.999999999999986
area11,2020-02-17,0,0,-0.7142857142857143,-37.5
area11,2020-02-18,0,0,-0.2857142857142857,-60.00000000000001
area11,2020-02-19,0,0,-0.2857142857142857,0.0
area11,2020-02-20,0,0,-0.14285714285714285,-50.0
area11,2020-02-21,0,0,0.0,-100.0
area11,2020-02-22,0,0,-0.14285714285714285,0.0
area11,2020-02-23,0,0,0.0,-100.0
area11,2020-02-24,0,0,0.0,0.0
area11,2020-02-25,0,0,0.0,0.0
area11,2020-02-26,0,0,0.0,0.0
area11,2020-02-27,0,0,0.0,0.0
area11,2020-02-28,0,0,0.0,0.0
area11,2020-02-29,0,0,0.0,0.0
area11,2020-03-01,0,0,0.0,0.0
area11,2020-03-02,0,0,0.0,0.0
area11,2020-03-03,0,0,0.0,0.0
area11,2020-03-04,0,0,0.0,0.0
area11,2020-03-05,0,0,0.0,0.0
area11,2020-03-06,0,0,0.0,0.0
area11,2020-03-07,0,0,0.0,0.0
area11,2020-03-08,0,0,0.0,0.0
area11,2020-03-09,0,0,0.0,0.0
area11,2020-03-10,0,0,0.0,0.0
area11,2020-03-11,0,0,0.0,0.0
area11,2020-03-12,0,0,0.0,0.0
area11,2020-03-13,0,0,0.0,0.0
area11,2020-03-14,0,0,0.0,0.0
area11,2020-03-15,0,0,0.0,0.0
area11,2020-03-16,0,0,0.0,0.0
area11,2020-03-17,0,0,0.0,0.0
area11,2020-03-18,0,0,0.0,0.0
area11,2020-03-19,0,0,0.0,0.0
area11,2020-03-20,0,0,0.0,0.0
area11,2020-03-21,0,0,0.0,0.0
area11,2020-03-22,0,0,0.0,0.0
area11,2020-03-23,0,0,0.0,0.0
area11,2020-03-24,0,0,0.0,0.0
area11,2020-03-25,0,0,0.0,0.0
area11,2020-03-26,0,0,0.0,0.0
area11,2020-03-27,0,0,0.0,0.0
area11,2020-03-28,0,0,0.0,0.0
area11,2020-03-29,0,0,0.0,0.0
area6,2019-12-31,1,1,1.0,0.0
area6,2020-01-01,0,-1,0.0,-100.0
area6,2020-01-02,3,3,1.0,0.0
area6,2020-01-03,1,-2,0.25,-75.0
area6,2020-01-04,1,0,0.2,-19.999999999999996
area6,2020-01-05,2,1,0.3333333333333333,66.66666666666666
area6,2020-01-06,1,-1,0.14285714285714285,-57.14285714285714
area6,2020-01-07,3,2,0.2857142857142857,100.0
area6,2020-01-08,1,-2,0.14285714285714285,-50.0
area6,2020-01-09,9,8,0.8571428571428571,500.0
area6,2020-01-10,4,-5,0.42857142857142855,-50.0
area6,2020-01-11,4,0,0.42857142857142855,0.0
area6,2020-01-12,10,6,1.1428571428571428,166.66666666666666
area6,2020-01-13,9,-1,1.1428571428571428,0.0
area6,2020-01-14,10,1,1.0,-12.5
area6,2020-01-15,11,1,1.4285714285714286,42.85714285714286
area6,2020-01-16,12,1,0.42857142857142855,-70.0
area6,2020-01-17,13,1,1.2857142857142858,200.00000000000006
area6,2020-01-18,29,16,3.5714285714285716,177.77777777777777
area6,2020-01-19,36,7,3.7142857142857144,4.0000000000000036
area6,2020-01-20,42,6,4.714285714285714,26.923076923076916
area6,2020-01-21,50,8,5.714285714285714,21.212121212121215
area6,2020-01-22,38,-12,3.857142857142857,-32.49999999999999
area6,2020-01-23,44,6,4.571428571428571,18.518518518518512
area6,2020-01-24,54,10,5.857142857142857,28.125
area6,2020-01-25,65,11,5.142857142857143,-12.195121951219502
area6,2020-01-26,61,-4,3.5714285714285716,-30.555555555555557
area6,2020-01-27,70,9,4.0,11.99999999999999
area6,2020-01-28,64,-6,2.0,-50.0
area6,2020-01-29,64,0,3.7142857142857144,85.71428571428572
area6,2020-01-30,48,-16,0.5714285714285714,-84.61538461538461
area6,2020-01-31,57,9,0.42857142857142855,-25.0
area6,2020-02-01,42,-15,-3.2857142857142856,-866.6666666666667
area6,2020-02-02,25,-17,-5.142857142857143,56.52173913043479
area6,2020-02-03,32,7,-5.428571428571429,5.555555555555558
area6,2020-02-04,12,-20,-7.428571428571429,36.8421052631579
area6,2020-02-05,17,5,-6.714285714285714,-9.615384615384615
area6,2020-02-06,11,-6,-5.285714285714286,-21.27659574468086
area6,2020-02-07,14,3,-6.142857142857143,16.216216216216228
area6,2020-02-08,9,-5,-4.714285714285714,-23.25581395348838
area6,2020-02-09,5,-4,-2.857142857142857,-39.39393939393939
area6,2020-02-10,2,-3,-4.285714285714286,50.0
area6,2020-02-11,4,2,-1.1428571428571428,-73.33333333333334
area6,2020-02-12,2,-2,-2.142857142857143,87.5
area6,2020-02-13,1,-1,-1.4285714285714286,-33.33333333333333
area6,2020-02-14,1,0,-1.8571428571428572,30.000000000000004
area6,2020-02-15,1,0,-1.1428571428571428,-38.46153846153847
area6,2020-02-16,0,-1,-0.7142857142857143,-37.5
area6,2020-02-17,0,0,-0.2857142857142857,-60.00000000000001
area6,2020-02-18,0,0,-0.5714285714285714,100.0
area6,2020-02-19,0,0,-0.2857142857142857,-50.0
area6,2020-02-20,0,0,-0.14285714285714285,-50.0
area6,2020-02-21,0,0,-0.14285714285714285,0.0
area6,2020-02-22,0,0,-0.14285714285714285,0.0
area6,2020-02-23,0,0,0.0,-100.0
area6,2020-02-24,0,0,0.0,0.0
area6,2020-02-25,0,0,0.0,0.0
area6,2020-02-26,0,0,0.0,0.0
area6,2020-02-27,0,0,0.0,0.0
area6,2020-02-28,0,0,0.0,0.0
area6,2020-02-29,0,0,0.0,0.0
area6,2020-03-01,0,0,0.0,0.0
area6,2020-03-02,0,0,0.0,0.0
area6,2020-03-03,0,0,0.0,0.0
area6,2020-03-04,0,0,0.0,0.0
area6,2020-03-05,0,0,0.0,0.0
area6,2020-03-06,0,0,0.0,0.0
area6,2020-03-07,0,0,0.0,0.0
area6,2020-03-08,0,0,0.0,0.0
area6,2020-03-09,0,0,0.0,0.0
area6,2020-03-10,0,0,0.0,0.0
area6,2020-03-11,0,0,0.0,0.0
area6,2020-03-12,0,0,0.0,0.0
area6,2020-03-13,0,0,0.0,0.0
area6,2020-03-14,0,0,0.0,0.0
area6,2020-03-15,0,0,0.0,0.0
area6,2020-03-16,0,0,0.0,0.0
area6,2020-03-17,0,0,0.0,0.0
area6,2020-03-18,0,0,0.0,0.0
area6,2020-03-19,0,0,0.0,0.0
area6,2020-03-20,0,0,0.0,0.0
area6,2020-03-21,0,0,0.0,0.0
area6,2020-03-22,0,0,0.0,0.0
area6,2020-03-23,0,0,0.0,0.0
area6,2020-03-24,0,0,0.0,0.0
area6,2020-03-25,0,0,0.0,0.0
area6,2020-03-26,0,0,0.0,0.0
area6,2020-03-27,0,0,0.0,0.0
area6,2020-03-28,0,0,0.0,0.0
area6,2020-03-29,0,0,0.0,0.0
area1,2019-12-31,2,2,2.0,0.0
area1,2020-01-01,2,0,1.0,-50.0
area1,2020-01-02,2,0,0.6666666666666666,-33.333333333333336
area1,2020-01-03,0,-2,0.0,-100.0
area1,2020-01-04,1,1,0.2,0.0
area1,2020-01-05,1,0,0.16666666666666666,-16.666666666666675
area1,2020-01-06,3,2,0.42857142857142855,157.14285714285717
area1,2020-01-07,3,0,0.14285714285714285,-66.66666666666667
area1,2020-01-08,3,0,0.14285714285714285,0.0
area1,2020-01-09,6,3,0.5714285714285714,300.0
area1,2020-01-10,3,-3,0.42857142857142855,-25.0
area1,2020-01-11,9,6,1.1428571428571428,166.66666666666666
area1,2020-01-12,8,-1,1.0,-12.5
area1,2020-01-13,11,3,1.1428571428571428,14.28571428571428
area1,2020-01-14,8,-3,0.7142857142857143,-37.5
area1,2020-01-15,18,10,2.142857142857143,200.0
area1,2020-01-16,26,8,2.857142857142857,33.33333333333335
area1,2020-01-17,26,0,3.2857142857142856,14.999999999999991
area1,2020-01-18,38,12,4.142857142857143,26.086956521739157
area1,2020-01-19,31,-7,3.2857142857142856,-20.6896551724138
area1,2020-01-20,46,15,5.0,52.17391304347827
area1,2020-01-21,46,0,5.428571428571429,8.571428571428585
area1,2020-01-22,50,4,4.571428571428571,-15.789473684210531
area1,2020-01-23,55,5,4.142857142857143,-9.37499999999999
area1,2020-01-24,70,15,6.285714285714286,51.72413793103448
area1,2020-01-25,72,2,4.857142857142857,-22.72727272727273
area1,2020-01-26,79,7,6.857142857142857,41.176470588235304
area1,2020-01-27,66,-13,2.857142857142857,-58.33333333333333
area1,2020-01-28,61,-5,2.142857142857143,-25.0
area1,2020-01-29,60,-1,1.4285714285714286,-33.33333333333333
area1,2020-01-30,64,4,1.2857142857142858,-9.999999999999998
area1,2020-01-31,53,-11,-2.4285714285714284,-288.88888888888886
area1,2020-02-01,58,5,-2.0,-17.647058823529406
area1,2020-02-02,32,-26,-6.714285714285714,235.71428571428572
area1,2020-02-03,28,-4,-5.428571428571429,-19.14893617021276
area1,2020-02-04,19,-9,-6.0,10.526315789473673
area1,2020-02-05,19,0,-5.857142857142857,-2.3809523809523836
area1,2020-02-06,22,3,-6.0,2.4390243902439046
area1,2020-02-07,8,-14,-6.428571428571429,7.14285714285714
area1,2020-02-08,9,1,-7.0,8.888888888888879
area1,2020-02-09,8,-1,-3.4285714285714284,-51.02040816326531
area1,2020-02-10,7,-1,-3.0,-12.5
area1,2020-02-11,2,-5,-2.4285714285714284,-19.047619047619058
area1,2020-02-12,4,2,-2.142857142857143,-11.764705882352933
area1,2020-02-13,2,-2,-2.857142857142857,33.33333333333335
area1,2020-02-14,0,-2,-1.1428571428571428,-60.00000000000001
area1,2020-02-15,0,0,-1.2857142857142858,12.500000000000021
area1,2020-02-16,0,0,-1.1428571428571428,-11.111111111111127
area1,2020-02-17,0,0,-1.0,-12.5
area1,2020-02-18,1,1,-0.14285714285714285,-85.71428571428572
area1,2020-02-19,0,-1,-0.5714285714285714,300.0
area1,2020-02-20,0,0,-0.2857142857142857,-50.0
area1,2020-02-21,0,0,0.0,-100.0
area1,2020-02-22,0,0,0.0,0.0
area1,2020-02-23,0,0,0.0,0.0
area1,2020-02-24,0,0,0.0,0.0
area1,2020-02-25,0,0,-0.14285714285714285,0.0
area1,2020-02-26,0,0,0.0,-100.0
area1,2020-02-27,0,0,0.0,0.0
area1,2020-02-28,0,0,0.0,0.0
area1,2020-02-29,0,0,0.0,0.0
area1,2020-03-01,0,0,0.0,0.0
area1,2020-03-02,0,0,0.0,0.0
area1,2020-03-03,0,0,0.0,0.0
area1,2020-03-04,0,0,0.0,0.0
area1,2020-03-05,0,0,0.0,0.0
area1,2020-03-06,0,0,0.0,0.0
area1,2020-03-07,0,0,0.0,0.0
area1,2020-03-08,0,0,0.0,0.0
area1,2020-03-09,0,0,0.0,0.0
area1,2020-03-10,0,0,0.0,0.0
area1,2020-03-11,0,0,0.0,0.0
area1,2020-03-12,0,0,0.0,0.0
area1,2020-03-13,0,0,0.0,0.0
area1,2020-03-14,0,0,0.0,0.0
area1,2020-03-15,0,0,0.0,0.0
area1,2020-03-16,0,0,0.0,0.0
area1,2020-03-17,0,0,0.0,0.0
area1,2020-03-18,0,0,0.0,0.0
area1,2020-03-19,0,0,0.0,0.0
area1,2020-03-20,0,0,0.0,0.0
area1,2020-03-21,0,0,0.0,0.0
area1,2020-03-22,0,0,0.0,0.0
area1,2020-03-23,0,0,0.0,0.0
area1,2020-03-24,0,0,0.0,0.0
area1,2020-03-25,0,0,0.0,0.0
area1,2020-03-26,0,0,0.0,0.0
area1,2020-03-27,0,0,0.0,0.0
area1,2020-03-28,0,0,0.0,0.0
area1,2020-03-29,0,0,0.0,0.0
area8,2019-12-31,1,1,1.0,0.0
area8,2020-01-01,3,2,1.5,50.0
area8,2020-01-02,2,-1,0.6666666666666666,-55.55555555555556
area8,2020-01-03,1,-1,0.25,-62.5
area8,2020-01-04,4,3,0.8,220.00000000000003
area8,2020-01-05,2,-2,0.3333333333333333,-58.333333333333336
area8,2020-01-06,2,0,0.2857142857142857,-14.28571428571429
area8,2020-01-07,0,-2,-0.14285714285714285,-150.0
area8,2020-01-08,3,3,0.0,-100.0
area8,2020-01-09,5,2,0.42857142857142855,0.0
area8,2020-01-10,10,5,1.2857142857142858,200.00000000000006
area8,2020-01-11,5,-5,0.14285714285714285,-88.8888888888889
area8,2020-01-12,8,3,0.8571428571428571,500.0
area8,2020-01-13,7,-1,0.7142857142857143,-16.666666666666664
area8,2020-01-14,12,5,1.7142857142857142,140.0
area8,2020-01-15,16,4,1.8571428571428572,8.333333333333348
area8,2020-01-16,20,4,2.142857142857143,15.384615384615374
area8,2020-01-17,31,11,3.0,40.000000000000014
area8,2020-01-18,21,-10,2.2857142857142856,-23.809523809523814
area8,2020-01-19,30,9,3.142857142857143,37.5
area8,2020-01-20,32,2,3.5714285714285716,13.636363636363647
area8,2020-01-21,57,25,6.428571428571429,80.0
area8,2020-01-22,60,3,6.285714285714286,-2.2222222222222254
area8,2020-01-23,64,4,6.285714285714286,0.0
area8,2020-01-24,48,-16,2.4285714285714284,-61.36363636363637
area8,2020-01-25,69,21,6.857142857142857,182.3529411764706
area8,2020-01-26,62,-7,4.571428571428571,-33.333333333333336
area8,2020-01-27,62,0,4.285714285714286,-6.25
area8,2020-01-28,63,1,0.8571428571428571,-80.0
area8,2020-01-29,62,-1,0.2857142857142857,-66.66666666666667
area8,2020-01-30,60,-2,-0.5714285714285714,-300.0
area8,2020-01-31,57,-3,1.2857142857142858,-325.00000000000006
area8,2020-02-01,47,-10,-3.142857142857143,-344.4444444444444
area8,2020-02-02,45,-2,-2.4285714285714284,-22.72727272727273
area8,2020-02-03,31,-14,-4.428571428571429,82.35294117647061
area8,2020-02-04,22,-9,-5.857142857142857,32.258064516129025
area8,2020-02-05,21,-1,-5.857142857142857,0.0
area8,2020-02-06,13,-8,-6.714285714285714,14.634146341463428
area8,2020-02-07,12,-1,-6.428571428571429,-4.255319148936165
area8,2020-02-08,13,1,-4.857142857142857,-24.444444444444457
area8,2020-02-09,4,-9,-5.857142857142857,20.58823529411764
area8,2020-02-10,1,-3,-4.285714285714286,-26.82926829268293
area8,2020-02-11,2,1,-2.857142857142857,-33.33333333333333
area8,2020-02-12,0,-2,-3.0,5.000000000000004
area8,2020-02-13,2,2,-1.5714285714285714,-47.61904761904761
area8,2020-02-14,2,0,-1.4285714285714286,-9.090909090909083
area8,2020-02-15,2,0,-1.5714285714285714,9.999999999999986
area8,2020-02-16,1,-1,-0.42857142857142855,-72.72727272727273
area8,2020-02-17,0,-1,-0.14285714285714285,-66.66666666666667
area8,2020-02-18,0,0,-0.2857142857142857,100.0
area8,2020-02-19,0,0,0.0,-100.0
area8,2020-02-20,0,0,-0.2857142857142857,0.0
area8,2020-02-21,0,0,-0.2857142857142857,0.0
area8,2020-02-22,0,0,-0.2857142857142857,0.0
area8,2020-02-23,0,0,-0.14285714285714285,-50.0
area8,2020-02-24,0,0,0.0,-100.0
area8,2020-02-25,0,0,0.0,0.0
area8,2020-02-26,0,0,0.0,0.0
area8,2020-02-27,0,0,0.0,0.0
area8,2020-02-28,0,0,0.0,0.0
area8,2020-02-29,0,0,0.0,0.0
area8,2020-03-01,0,0,0.0,0.0
area8,2020-03-02,0,0,0.0,0.0
area8,2020-03-03,0,0,0.0,0.0
area8,2020-03-04,0,0,0.0,0.0
area8,2020-03-05,0,0,0.0,0.0
area8,2020-03-06,0,0,0.0,0.0
area8,2020-03-07,0,0,0.0,0.0
area8,2020-03-08,0,0,0.0,0.0
area8,2020-03-09,0,0,0.0,0.0
area8,2020-03-10,0,0,0.0,0.0
area8,2020-03-11,0,0,0.0,0.0
area8,2020-03-12,0,0,0.0,0.0
area8,2020-03-13,0,0,0.0,0.0
area8,2020-03-14,0,0,0.0,0.0
area8,2020-03-15,0,0,0.0,0.0
area8,2020-03-16,0,0,0.0,0.0
area8,2020-03-17,0,0,0.0,0.0
area8,2020-03-18,0,0,0.0,0.0
area8,2020-03-19,0,0,0.0,0.0
area8,2020-03-20,0,0,0.0,0.0
area8,2020-03-21,0,0,0.0,0.0
area8,2020-03-22,0,0,0.0,0.0
area8,2020-03-23,0,0,0.0,0.0
area8,2020-03-24,0,0,0.0,0.0
area8,2020-03-25,0,0,0.0,0.0
area8,2020-03-26,0,0,0.0,0.0
area8,2020-03-27,0,0,0.0,0.0
area8,2020-03-28,0,0,0.0,0.0
area8,2020-03-29,0,0,0.0,0.0
area14,2019-12-31,1,1,1.0,0.0
area14,2020-01-01,2,1,1.0,0.0
area14,2020-01-02,0,-2,0.0,-100.0
area14,2020-01-03,3,3,0.75,0.0
area14,2020-01-04,4,1,0.8,6.666666666666665
area14,2020-01-05,4,0,0.6666666666666666,-16.666666666666675
area14,2020-01-06,2,-2,0.2857142857142857,-57.14285714285714
area14,2020-01-07,1,-1,0.0,-100.0
area14,2020-01-08,6,5,0.5714285714285714,0.0
area14,2020-01-09,11,5,1.5714285714285714,175.0
area14,2020-01-10,4,-7,0.14285714285714285,-90.9090909090909
area14,2020-01-11,11,7,1.0,600.0
area14,2020-01-12,10,-1,0.8571428571428571,-14.28571428571429
area14,2020-01-13,16,6,2.0,133.33333333333334
area14,2020-01-14,16,0,2.142857142857143,7.14285714285714
area14,2020-01-15,13,-3,1.0,-53.333333333333336
area14,2020-01-16,26,13,2.142857142857143,114.28571428571428
area14,2020-01-17,29,3,3.5714285714285716,66.66666666666667
area14,2020-01-18,28,-1,2.4285714285714284,-32.00000000000001
area14,2020-01-19,40,12,4.285714285714286,76.47058823529413
area14,2020-01-20,51,11,5.0,16.666666666666675
area14,2020-01-21,52,1,5.142857142857143,2.857142857142869
area14,2020-01-22,66,14,7.571428571428571,47.22222222222221
area14,2020-01-23,55,-11,4.142857142857143,-45.28301886792452
area14,2020-01-24,68,13,5.571428571428571,34.48275862068964
area14,2020-01-25,70,2,6.0,7.692307692307687
area14,2020-01-26,70,0,4.285714285714286,-28.57142857142857
area14,2020-01-27,74,4,3.2857142857142856,-23.33333333333334
area14,2020-01-28,81,7,4.142857142857143,26.086956521739157
area14,2020-01-29,72,-9,0.8571428571428571,-79.3103448275862
area14,2020-01-30,72,0,2.4285714285714284,183.33333333333334
area14,2020-01-31,60,-12,-1.1428571428571428,-147.05882352941177
area14,2020-02-01,53,-7,-2.4285714285714284,112.5
area14,2020-02-02,42,-11,-4.0,64.70588235294119
area14,2020-02-03,33,-9,-5.857142857142857,46.428571428571416
area14,2020-02-04,26,-7,-7.857142857142857,34.14634146341464
area14,2020-02-05,14,-12,-8.285714285714286,5.4545454545454675
area14,2020-02-06,17,3,-7.857142857142857,-5.172413793103459
area14,2020-02-07,7,-10,-7.571428571428571,-3.6363636363636376
area14,2020-02-08,9,2,-6.285714285714286,-16.981132075471695
area14,2020-02-09,5,-4,-5.285714285714286,-15.909090909090907
area14,2020-02-10,4,-1,-4.142857142857143,-21.62162162162161
area14,2020-02-11,3,-1,-3.2857142857142856,-20.6896551724138
area14,2020-02-12,2,-1,-1.7142857142857142,-47.82608695652174
area14,2020-02-13,0,-2,-2.4285714285714284,41.66666666666667
area14,2020-02-14,0,0,-1.0,-58.823529411764696
area14,2020-02-15,1,1,-1.1428571428571428,14.28571428571428
area14,2020-02-16,0,-1,-0.7142857142857143,-37.5
area14,2020-02-17,1,1,-0.42857142857142855,-40.0
area14,2020-02-18,0,-1,-0.42857142857142855,0.0
area14,2020-02-19,0,0,-0.2857142857142857,-33.333333333333336
area14,2020-02-20,0,0,0.0,-100.0
area14,2020-02-21,0,0,0.0,0.0
area14,2020-02-22,0,0,-0.14285714285714285,0.0
area14,2020-02-23,0,0,0.0,-100.0
area14,2020-02-24,0,0,-0.14285714285714285,0.0
area14,2020-02-25,0,0,0.0,-100.0
area14,2020-02-26,0,0,0.0,0.0
area14,2020-02-27,0,0,0.0,0.0
area14,2020-02-28,0,0,0.0,0.0
area14,2020-02-29,0,0,0.0,0.0
area14,2020-03-01,0,0,0.0,0.0
area14,2020-03-02,0,0,0.0,0.0
area14,2020-03-03,0,0,0.0,0.0
area14,2020-03-04,0,0,0.0,0.0
area14,2020-03-05,0,0,0.0,0.0
area14,2020-03-06,0,0,0.0,0.0
area14,2020-03-07,0,0,0.0,0.0
area14,2020-03-08,0,0,0.0,0.0
area14,2020-03-09,0,0,0.0,0.0
area14,2020-03-10,0,0,0.0,0.0
area14,2020-03-11,0,0,0.0,0.0
area14,2020-03-12,0,0,0.0,0.0
area14,2020-03-13,0,0,0.0,0.0
area14,2020-03-14,0,0,0.0,0.0
area14,2020-03-15,0,0,0.0,0.0
area14,2020-03-16,0,0,0.0,0.0
area14,2020-03-17,0,0,0.0,0.0
area14,2020-03-18,0,0,0.0,0.0
area14,2020-03-19,0,0,0.0,0.0
area14,2020-03-20,0,0,0.0,0.0
area14,2020-03-21,0,0,0.0,0.0
area14,2020-03-22,0,0,0.0,0.0
area14,2020-03-23,0,0,0.0,0.0
area14,2020-03-24,0,0,0.0,0.0
area14,2020-03-25,0,0,0.0,0.0
area14,2020-03-26,0,0,0.0,0.0
area14,2020-03-27,0,0,0.0,0.0
area14,2020-03-28,0,0,0.0,0.0
area14,2020-03-29,0,0,0.0,0.0
area10,2019-12-31,1,1,1.0,0.0
area10,2020-01-01,0,-1,0.0,-100.0
area10,2020-01-02,3,3,1.0,0.0
area10,2020-01-03,3,0,0.75,-25.0
area10,2020-01-04,1,-2,0.2,-73.33333333333334
area10,2020-01-05,0,-1,0.0,-100.0
area10,2020-01-06,1,1,0.14285714285714285,0.0
area10,2020-01-07,3,2,0.2857142857142857,100.0
area10,2020-01-08,3,0,0.42857142857142855,50.0
area10,2020-01-09,5,2,0.2857142857142857,-33.333333333333336
area10,2020-01-10,10,5,1.0,250.0
area10,2020-01-11,10,0,1.2857142857142858,28.57142857142858
area10,2020-01-12,9,-1,1.2857142857142858,0.0
area10,2020-01-13,13,4,1.7142857142857142,33.33333333333333
area10,2020-01-14,7,-6,0.5714285714285714,-66.66666666666667
area10,2020-01-15,14,7,1.5714285714285714,175.0
area10,2020-01-16,17,3,1.7142857142857142,9.090909090909083
area10,2020-01-17,15,-2,0.7142857142857143,-58.33333333333333
area10,2020-01-18,23,8,1.8571428571428572,160.0
area10,2020-01-19,29,6,2.857142857142857,53.846153846153854
area10,2020-01-20,38,9,3.5714285714285716,25.0
area10,2020-01-21,34,-4,3.857142857142857,8.000000000000007
area10,2020-01-22,56,22,6.0,55.55555555555556
area10,2020-01-23,50,-6,4.714285714285714,-21.42857142857143
area10,2020-01-24,62,12,6.714285714285714,42.42424242424243
area10,2020-01-25,63,1,5.714285714285714,-14.893617021276595
area10,2020-01-26,55,-8,3.7142857142857144,-35.0
area10,2020-01-27,65,10,3.857142857142857,3.8461538461538547
area10,2020-01-28,72,7,5.428571428571429,40.74074074074075
area10,2020-01-29,71,-1,2.142857142857143,-60.52631578947369
area10,2020-01-30,47,-24,-0.42857142857142855,-120.0
area10,2020-01-31,38,-9,-3.4285714285714284,700.0
area10,2020-02-01,37,-1,-3.7142857142857144,8.333333333333348
area10,2020-02-02,26,-11,-4.142857142857143,11.538461538461542
area10,2020-02-03,32,6,-4.714285714285714,13.793103448275845
area10,2020-02-04,14,-18,-8.285714285714286,75.75757575757578
area10,2020-02-05,16,2,-7.857142857142857,-5.172413793103459
area10,2020-02-06,14,-2,-4.714285714285714,-39.99999999999999
area10,2020-02-07,16,2,-3.142857142857143,-33.333333333333336
area10,2020-02-08,6,-10,-4.428571428571429,40.90909090909092
area10,2020-02-09,3,-3,-3.2857142857142856,-25.806451612903235
area10,2020-02-10,9,6,-3.2857142857142856,0.0
area10,2020-02-11,0,-9,-2.0,-39.13043478260869
area10,2020-02-12,0,0,-2.2857142857142856,14.28571428571428
area10,2020-02-13,0,0,-2.0,-12.5
area10,2020-02-14,2,2,-2.0,0.0
area10,2020-02-15,0,-2,-0.8571428571428571,-57.14285714285714
area10,2020-02-16,1,1,-0.2857142857142857,-66.66666666666667
area10,2020-02-17,0,-1,-1.2857142857142858,350.0000000000001
area10,2020-02-18,0,0,0.0,-100.0
area10,2020-02-19,0,0,0.0,0.0
area10,2020-02-20,1,1,0.14285714285714285,0.0
area10,2020-02-21,0,-1,-0.2857142857142857,-300.0
area10,2020-02-22,0,0,0.0,-100.0
area10,2020-02-23,0,0,-0.14285714285714285,0.0
area10,2020-02-24,0,0,0.0,-100.0
area10,2020-02-25,0,0,0.0,0.0
area10,2020-02-26,0,0,0.0,0.0
area10,2020-02-27,0,0,-0.14285714285714285,0.0
area10,2020-02-28,0,0,0.0,-100.0
area10,2020-02-29,0,0,0.0,0.0
area10,2020-03-01,0,0,0.0,0.0
area10,2020-03-02,0,0,0.0,0.0
area10,2020-03-03,0,0,0.0,0.0
area10,2020-03-04,0,0,0.0,0.0
area10,2020-03-05,0,0,0.0,0.0
area10,2020-03-06,0,0,0.0,0.0
area10,2020-03-07,0,0,0.0,0.0
area10,2020-03-08,0,0,0.0,0.0
area10,2020-03-09,0,0,0.0,0.0
area10,2020-03-10,0,0,0.0,0.0
area10,2020-03-11,0,0,0.0,0.0
area10,2020-03-12,0,0,0.0,0.0
area10,2020-03-13,0,0,0.0,0.0
area10,2020-03-14,0,0,0.0,0.0
area10,2020-03-15,0,0,0.0,0.0
area10,2020-03-16,0,0,0.0,0.0
area10,2020-03-17,0,0,0.0,0.0
area10,2020-03-18,0,0,0.0,0.0
area10,2020-03-19,0,0,0.0,0.0
area10,2020-03-20,0,0,0.0,0.0
area10,2020-03-21,0,0,0.0,0.0
area10,2020-03-22,0,0,0.0,0.0
area10,2020-03-23,0,0,0.0,0.0
area10,2020-03-24,0,0,0.0,0.0
area10,2020-03-25,0,0,0.0,0.0
area10,2020-03-26,0,0,0.0,0.0
area10,2020-03-27,0,0,0.0,0.0
area10,2020-03-28,0,0,0.0,0.0
area10,2020-03-29,0,0,0.0,0.0
area12,2019-12-31,1,1,1.0,0.0
area12,2020-01-01,4,3,2.0,100.0
area12,2020-01-02,2,-2,0.6666666666666666,-66.66666666666667
area12,2020-01-03,2,0,0.5,-25.0
area12,2020-01-04,2,0,0.4,-19.999999999999996
area12,2020-01-05,2,0,0.3333333333333333,-16.666666666666675
area12,2020-01-06,6,4,0.8571428571428571,157.14285714285717
area12,2020-01-07,5,-1,0.5714285714285714,-33.333333333333336
area12,2020-01-08,2,-3,-0.2857142857142857,-150.0
area12,2020-01-09,13,11,1.5714285714285714,-650.0
area12,2020-01-10,5,-8,0.42857142857142855,-72.72727272727273
area12,2020-01-11,3,-2,0.14285714285714285,-66.66666666666667
area12,2020-01-12,9,6,1.0,600.0
area12,2020-01-13,6,-3,0.0,-100.0
area12,2020-01-14,17,11,1.7142857142857142,0.0
area12,2020-01-15,22,5,2.857142857142857,66.66666666666667
area12,2020-01-16,33,11,2.857142857142857,0.0
area12,2020-01-17,29,-4,3.4285714285714284,19.999999999999996
area12,2020-01-18,36,7,4.714285714285714,37.50000000000002
area12,2020-01-19,51,15,6.0,27.27272727272727
area12,2020-01-20,48,-3,6.0,0.0
area12,2020-01-21,72,24,7.857142857142857,30.952380952380953
area12,2020-01-22,82,10,8.571428571428571,9.090909090909083
area12,2020-01-23,86,4,7.571428571428571,-11.66666666666667
area12,2020-01-24,101,15,10.285714285714286,35.8490566037736
area12,2020-01-25,82,-19,6.571428571428571,-36.111111111111114
area12,2020-01-26,96,14,6.428571428571429,-2.1739130434782483
area12,2020-01-27,88,-8,5.714285714285714,-11.111111111111116
area12,2020-01-28,82,-6,1.4285714285714286,-75.0
area12,2020-01-29,75,-7,-1.0,-170.0
area12,2020-01-30,71,-4,-2.142857142857143,114.28571428571428
area12,2020-01-31,82,11,-2.7142857142857144,26.666666666666682
area12,2020-02-01,50,-32,-4.571428571428571,68.42105263157893
area12,2020-02-02,66,16,-4.285714285714286,-6.25
area12,2020-02-03,42,-24,-6.571428571428571,53.33333333333332
area12,2020-02-04,33,-9,-7.0,6.521739130434789
area12,2020-02-05,26,-7,-7.0,0.0
area12,2020-02-06,22,-4,-7.0,0.0
area12,2020-02-07,12,-10,-10.0,42.85714285714286
area12,2020-02-08,11,-1,-5.571428571428571,-44.285714285714285
area12,2020-02-09,6,-5,-8.571428571428571,53.846153846153854
area12,2020-02-10,4,-2,-5.428571428571429,-36.66666666666666
area12,2020-02-11,6,2,-3.857142857142857,-28.947368421052634
area12,2020-02-12,4,-2,-3.142857142857143,-18.518518518518523
area12,2020-02-13,1,-3,-3.0,-4.545454545454541
area12,2020-02-14,1,0,-1.5714285714285714,-47.61904761904761
area12,2020-02-15,0,-1,-1.5714285714285714,0.0
area12,2020-02-16,0,0,-0.8571428571428571,-45.45454545454546
area12,2020-02-17,2,2,-0.2857142857142857,-66.66666666666667
area12,2020-02-18,0,-2,-0.8571428571428571,200.0
area12,2020-02-19,0,0,-0.5714285714285714,-33.333333333333336
area12,2020-02-20,0,0,-0.14285714285714285,-75.0
area12,2020-02-21,0,0,-0.14285714285714285,0.0
area12,2020-02-22,1,1,0.14285714285714285,-200.0
area12,2020-02-23,0,-1,0.0,-100.0
area12,2020-02-24,0,0,-0.2857142857142857,0.0
area12,2020-02-25,0,0,0.0,-100.0
area12,2020-02-26,0,0,0.0,0.0
area12,2020-02-27,0,0,0.0,0.0
area12,2020-02-28,0,0,0.0,0.0
area12,2020-02-29,0,0,-0.14285714285714285,0.0
area12,2020-03-01,0,0,0.0,-100.0
area12,2020-03-02,0,0,0.0,0.0
area12,2020-03-03,0,0,0.0,0.0
area12,2020-03-04,0,0,0.0,0.0
area12,2020-03-05,0,0,0.0,0.0
area12,2020-03-06,0,0,0.0,0.0
area12,2020-03-07,0,0,0.0,0.0
area12,2020-03-08,0,0,0.0,0.0
area12,2020-03-09,0,0,0.0,0.0
area12,2020-03-10,0,0,0.0,0.0
area12,2020-03-11,0,0,0.0,0.0
area12,2020-03-12,0,0,0.0,0.0
area12,2020-03-13,0,0,0.0,0.0
area12,2020-03-14,0,0,0.0,0.0
area12,2020-03-15,0,0,0.0,0.0
area12,2020-03-16,0,0,0.0,0.0
area12,2020-03-17,0,0,0.0,0.0
area12,2020-03-18,0,0,0.0,0.0
area12,2020-03-19,0,0,0.0,0.0
area12,2020-03-20,0,0,0.0,0.0
area12,2020-03-21,0,0,0.0,0.0
area12,2020-03-22,0,0,0.0,0.0
area12,2020-03-23,0,0,0.0,0.0
area12,2020-03-24,0,0,0.0,0.0
area12,2020-03-25,0,0,0.0,0.0
area12,2020-03-26,0,0,0.0,0.0
area12,2020-03-27,0,0,0.0,0.0
area12,2020-03-28,0,0,0.0,0.0
area12,2020-03-29,0,0,0.0,0.0
area5,2019-12-31,1,1,1.0,0.0
area5,2020-01-01,1,0,0.5,-50.0
area5,2020-01-02,0,-1,0.0,-100.0
area5,2020-01-03,2,2,0.5,0.0
area5,2020-01-04,0,-2,0.0,-100.0
area5,2020-01-05,3,3,0.5,0.0
area5,2020-01-06,4,1,0.5714285714285714,14.28571428571428
area5,2020-01-07,8,4,1.0,75.0
area5,2020-01-08,4,-4,0.42857142857142855,-57.14285714285714
area5,2020-01-09,4,0,0.5714285714285714,33.33333333333333
area5,2020-01-10,7,3,0.7142857142857143,25.0
area5,2020-01-11,5,-2,0.7142857142857143,0.0
area5,2020-01-12,4,-1,0.14285714285714285,-80.0
area5,2020-01-13,14,10,1.4285714285714286,900.0
area5,2020-01-14,16,2,1.1428571428571428,-20.000000000000007
area5,2020-01-15,21,5,2.4285714285714284,112.5
area5,2020-01-16,14,-7,1.4285714285714286,-41.17647058823529
area5,2020-01-17,21,7,2.0,39.99999999999999
area5,2020-01-18,27,6,3.142857142857143,57.14285714285714
area5,2020-01-19,30,3,3.7142857142857144,18.181818181818187
area5,2020-01-20,36,6,3.142857142857143,-15.384615384615385
area5,2020-01-21,33,-3,2.4285714285714284,-22.72727272727273
area5,2020-01-22,33,0,1.7142857142857142,-29.411764705882348
area5,2020-01-23,50,17,5.142857142857143,200.00000000000006
area5,2020-01-24,59,9,5.428571428571429,5.555555555555558
area5,2020-01-25,58,-1,4.428571428571429,-18.42105263157895
area5,2020-01-26,57,-1,3.857142857142857,-12.903225806451612
area5,2020-01-27,62,5,3.7142857142857144,-3.703703703703698
area5,2020-01-28,72,10,5.571428571428571,49.99999999999998
area5,2020-01-29,51,-21,2.5714285714285716,-53.84615384615383
area5,2020-01-30,41,-10,-1.2857142857142858,-150.0
area5,2020-01-31,43,2,-2.2857142857142856,77.77777777777774
area5,2020-02-01,48,5,-1.4285714285714286,-37.5
area5,2020-02-02,31,-17,-3.7142857142857144,160.0
area5,2020-02-03,32,1,-4.285714285714286,15.384615384615374
area5,2020-02-04,20,-12,-7.428571428571429,73.33333333333334
area5,2020-02-05,19,-1,-4.571428571428571,-38.46153846153847
area5,2020-02-06,12,-7,-4.142857142857143,-9.37499999999999
area5,2020-02-07,8,-4,-5.0,20.68965517241379
area5,2020-02-08,6,-2,-6.0,19.999999999999996
area5,2020-02-09,5,-1,-3.7142857142857144,-38.095238095238095
area5,2020-02-10,1,-4,-4.428571428571429,19.23076923076923
area5,2020-02-11,3,2,-2.4285714285714284,-45.16129032258065
area5,2020-02-12,1,-2,-2.5714285714285716,5.882352941176494
area5,2020-02-13,1,0,-1.5714285714285714,-38.88888888888889
area5,2020-02-14,2,1,-0.8571428571428571,-45.45454545454546
area5,2020-02-15,0,-2,-0.8571428571428571,0.0
area5,2020-02-16,0,0,-0.7142857142857143,-16.666666666666664
area5,2020-02-17,0,0,-0.14285714285714285,-80.0
area5,2020-02-18,0,0,-0.42857142857142855,200.0
area5,2020-02-19,0,0,-0.14285714285714285,-66.66666666666667
area5,2020-02-20,0,0,-0.14285714285714285,0.0
area5,2020-02-21,0,0,-0.2857142857142857,100.0
area5,2020-02-22,0,0,0.0,-100.0
area5,2020-02-23,0,0,0.0,0.0
area5,2020-02-24,0,0,0.0,0.0
area5,2020-02-25,0,0,0.0,0.0
area5,2020-02-26,0,0,0.0,0.0
area5,2020-02-27,0,0,0.0,0.0
area5,2020-02-28,0,0,0.0,0.0
area5,2020-02-29,0,0,0.0,0.0
area5,2020-03-01,0,0,0.0,0.0
area5,2020-03-02,0,0,0.0,0.0
area5,2020-03-03,0,0,0.0,0.0
area5,2020-03-04,0,0,0.0,0.0
area5,2020-03-05,0,0,0.0,0.0
area5,2020-03-06,0,0,0.0,0.0
area5,2020-03-07,0,0,0.0,0.0
area5,2020-03-08,0,0,0.0,0.0
area5,2020-03-09,0,0,0.0,0.0
area5,2020-03-10,0,0,0.0,0.0
area5,2020-03-11,0,0,0.0,0.0
area5,2020-03-12,0,0,0.0,0.0
area5,2020-03-13,0,0,0.0,0.0
area5,2020-03-14,0,0,0.0,0.0
area5,2020-03-15,0,0,0.0,0.0
area5,2020-03-16,0,0,0.0,0.0
area5,2020-03-17,0,0,0.0,0.0
area5,2020-03-18,0,0,0.0,0.0
area5,2020-03-19,0,0,0.0,0.0
area5,2020-03-20,0,0,0.0,0.0
area5,2020-03-21,0,0,0.0,0.0
area5,2020-03-22,0,0,0.0,0.0
area5,2020-03-23,0,0,0.0,0.0
area5,2020-03-24,0,0,0.0,0.0
area5,2020-03-25,0,0,0.0,0.0
area5,2020-03-26,0,0,0.0,0.0
area5,2020-03-27,0,0,0.0,0.0
area5,2020-03-28,0,0,0.0,0.0
area5,2020-03-29,0,0,0.0,0.0
area13,2019-12-31,1,1,1.0,0.0
area13,2020-01-01,1,0,0.5,-50.0
area13,2020-01-02,1,0,0.3333333333333333,-33.333333333333336
area13,2020-01-03,1,0,0.25,-25.0
area13,2020-01-04,4,3,0.8,220.00000000000003
area13,2020-01-05,5,1,0.8333333333333334,4.166666666666674
area13,2020-01-06,5,0,0.7142857142857143,-14.28571428571429
area13,2020-01-07,5,0,0.5714285714285714,-20.000000000000007
area13,2020-01-08,6,1,0.7142857142857143,25.0
area13,2020-01-09,1,-5,0.0,-100.0
area13,2020-01-10,3,2,0.2857142857142857,0.0
area13,2020-01-11,10,7,0.8571428571428571,200.0
area13,2020-01-12,8,-2,0.42857142857142855,-50.0
area13,2020-01-13,13,5,1.1428571428571428,166.66666666666666
area13,2020-01-14,14,1,1.2857142857142858,12.500000000000021
area13,2020-01-15,16,2,1.4285714285714286,11.111111111111116
area13,2020-01-16,19,3,2.5714285714285716,80.0
area13,2020-01-17,24,5,3.0,16.66666666666665
area13,2020-01-18,24,0,2.0,-33.333333333333336
area13,2020-01-19,28,4,2.857142857142857,42.85714285714286
area13,2020-01-20,43,15,4.285714285714286,50.0
area13,2020-01-21,51,8,5.285714285714286,23.33333333333334
area13,2020-01-22,47,-4,4.428571428571429,-16.216216216216207
area13,2020-01-23,62,15,6.142857142857143,38.70967741935485
area13,2020-01-24,60,-2,5.142857142857143,-16.279069767441857
area13,2020-01-25,73,13,7.0,36.11111111111109
area13,2020-01-26,70,-3,6.0,-14.28571428571429
area13,2020-01-27,73,3,4.285714285714286,-28.57142857142857
area13,2020-01-28,67,-6,2.2857142857142856,-46.666666666666664
area13,2020-01-29,66,-1,2.7142857142857144,18.75000000000002
area13,2020-01-30,70,4,1.1428571428571428,-57.89473684210527
area13,2020-01-31,47,-23,-1.8571428571428572,-262.5
area13,2020-02-01,35,-12,-5.428571428571429,192.3076923076923
area13,2020-02-02,49,14,-3.0,-44.736842105263165
area13,2020-02-03,34,-15,-5.571428571428571,85.7142857142857
area13,2020-02-04,36,2,-4.428571428571429,-20.512820512820507
area13,2020-02-05,21,-15,-6.428571428571429,45.16129032258065
area13,2020-02-06,13,-8,-8.142857142857142,26.66666666666666
area13,2020-02-07,13,0,-4.857142857142857,-40.35087719298246
area13,2020-02-08,8,-5,-3.857142857142857,-20.58823529411764
area13,2020-02-09,7,-1,-6.0,55.55555555555556
area13,2020-02-10,3,-4,-4.428571428571429,-26.190476190476186
area13,2020-02-11,4,1,-4.571428571428571,3.2258064516129004
area13,2020-02-12,4,0,-2.4285714285714284,-46.875
area13,2020-02-13,1,-3,-1.7142857142857142,-29.411764705882348
area13,2020-02-14,0,-1,-1.8571428571428572,8.333333333333348
area13,2020-02-15,1,1,-1.0,-46.15384615384615
area13,2020-02-16,1,0,-0.8571428571428571,-14.28571428571429
area13,2020-02-17,0,-1,-0.42857142857142855,-50.0
area13,2020-02-18,1,1,-0.42857142857142855,0.0
area13,2020-02-19,0,-1,-0.5714285714285714,33.33333333333333
area13,2020-02-20,0,0,-0.14285714285714285,-75.0
area13,2020-02-21,0,0,0.0,-100.0
area13,2020-02-22,0,0,-0.14285714285714285,0.0
area13,2020-02-23,0,0,-0.14285714285714285,0.0
area13,2020-02-24,0,0,0.0,-100.0
area13,2020-02-25,0,0,-0.14285714285714285,0.0
area13,2020-02-26,0,0,0.0,-100.0
area13,2020-02-27,0,0,0.0,0.0
area13,2020-02-28,0,0,0.0,0.0
area13,2020-02-29,0,0,0.0,0.0
area13,2020-03-01,0,0,0.0,0.0
area13,2020-03-02,0,0,0.0,0.0
area13,2020-03-03,0,0,0.0,0.0
area13,2020-03-04,0,0,0.0,0.0
area13,2020-03-05,0,0,0.0,0.0
area13,2020-03-06,0,0,0.0,0.0
area13,2020-03-07,0,0,0.0,0.0
area13,2020-03-08,0,0,0.0,0.0
area13,2020-03-09,0,0,0.0,0.0
area13,2020-03-10,0,0,0.0,0.0
area13,2020-03-11,0,0,0.0,0.0
area13,2020-03-12,0,0,0.0,0.0
area13,2020-03-13,0,0,0.0,0.0
area13,2020-03-14,0,0,0.0,0.0
area13,2020-03-15,0,0,0.0,0.0
area13,2020-03-16,0,0,0.0,0.0
area13,2020-03-17,0,0,0.0,0.0
area13,2020-03-18,0,0,0.0,0.0
area13,2020-03-19,0,0,0.0,0.0
area13,2020-03-20,0,0,0.0,0.0
area13,2020-03-21,0,0,0.0,0.0
area13,2020-03-22,0,0,0.0,0.0
area13,2020-03-23,0,0,0.0,0.0
area13,2020-03-24,0,0,0.0,0.0
area13,2020-03-25,0,0,0.0,0.0
area13,2020-03-26,0,0,0.0,0.0
area13,2020-03-27,0,0,0.0,0.0
area13,2020-03-28,0,0,0.0,0.0
area13,2020-03-29,0,0,0.0,0.0
